타입,룸,번호,품목,수량,위치,상태,비고(프로님 수정칸)
GOVERNOR SUITE (GS),-,1,챠임벨,1,출입문 복도 쪽,확정(프로님 검토 v4),
GOVERNOR SUITE (GS),-,2,키센서 DM,1,출입문 안쪽,확정(프로님 검토 v4),
GOVERNOR SUITE (GS),-,3,BSP,1,침대 옆,확정(프로님 검토 v4),
GOVERNOR SUITE (GS),-,4,거실 스위치,1,거실 들어가는 문 옆,확정(프로님 검토 v4),
GOVERNOR SUITE (GS),-,5,화장실 스위치,1,욕실 문 옆,확정(프로님 검토 v4),
4~12F 타입(첫 도면),-,1,챠임벨,1,출입문 복도 쪽,확정(프로님 검토 v4),
4~12F 타입(첫 도면),-,2,키센서 DM,1,출입문 안쪽,확정(프로님 검토 v4),
4~12F 타입(첫 도면),-,3,BSP,1,침대 옆,확정(프로님 검토 v4),
4~12F 타입(첫 도면),-,4,드레스룸 스위치,1,출입문과 욕실 사이 옷장 통로,확정(프로님 검토 v4),
4~12F 타입(첫 도면),-,5,화장실 스위치,1,"욕실 문 옆 벽, 손잡이 쪽",확정(프로님 검토 v4),
SUITE KING (K-3) 3~12F,-,1,챠임벨,1,우측 하단 출입문 복도 쪽,미검토,
SUITE KING (K-3) 3~12F,-,2,키센서 DM,1,출입문 안쪽,미검토,
SUITE KING (K-3) 3~12F,-,3,BSP,1,침대 옆,미검토,
SUITE KING (K-3) 3~12F,-,4,드레스룸 스위치,1,상단 옷장(CB 옆),미검토,
SUITE KING (K-3) 3~12F,-,5,화장실 스위치,1,욕실 문 옆 벽,미검토,
AMBASSADOR SUITE (AS) — 커넥팅,룸1 = 좌측 침실 + 거실,1,챠임벨,1,중앙 하단 출입문 복도 쪽,확정(프로님 검토 v4),
AMBASSADOR SUITE (AS) — 커넥팅,룸1 = 좌측 침실 + 거실,2,키센서 DM,1,출입문 안쪽,확정(프로님 검토 v4),
AMBASSADOR SUITE (AS) — 커넥팅,룸1 = 좌측 침실 + 거실,3,BSP,1,킹 침대 옆,확정(프로님 검토 v4),
AMBASSADOR SUITE (AS) — 커넥팅,룸1 = 좌측 침실 + 거실,4,거실 스위치,1,현관에서 거실 들어가는 입구 옆 벽,확정(프로님 검토 v4),
AMBASSADOR SUITE (AS) — 커넥팅,룸1 = 좌측 침실 + 거실,5,화장실 스위치,1,욕실 문 옆 벽,확정(프로님 검토 v4),
AMBASSADOR SUITE (AS) — 커넥팅,룸1 = 좌측 침실 + 거실,6,드레스룸 스위치,1,침실과 욕실 사이 옷장 통로,확정(프로님 검토 v4),
AMBASSADOR SUITE (AS) — 커넥팅,룸2 = 우측 침실,1,챠임벨,1,우측 하단 출입문 복도 쪽,확정(프로님 검토 v4),
AMBASSADOR SUITE (AS) — 커넥팅,룸2 = 우측 침실,2,키센서 DM,1,출입문 안쪽,확정(프로님 검토 v4),
AMBASSADOR SUITE (AS) — 커넥팅,룸2 = 우측 침실,3,BSP,1,트윈 침대 옆,확정(프로님 검토 v4),
AMBASSADOR SUITE (AS) — 커넥팅,룸2 = 우측 침실,4,화장실 스위치,1,욕실 문 옆 벽 (현관은 통로라 스위치 없음),확정(프로님 검토 v4),
MANAGER'S SUITE (GM),-,1,챠임벨,1,좌측 상단 출입문 복도 쪽,확정(프로님 검토 v2),
MANAGER'S SUITE (GM),-,2,키센서 DM,1,출입문 안쪽,확정(프로님 검토 v2),
MANAGER'S SUITE (GM),-,3,BSP,2,좌 침실 침대 옆 / 우 침실 침대 옆,확정(프로님 검토 v2),
MANAGER'S SUITE (GM),-,4,거실 스위치,1,현관 복도에서 거실 들어가는 입구 옆 벽,확정(프로님 검토 v2),
MANAGER'S SUITE (GM),-,5,화장실 스위치,2,좌 욕실 문 옆 벽 / 우 욕실 문 옆 벽,확정(프로님 검토 v2),
MANAGER'S SUITE (GM),-,6,드레스룸 스위치,2,출입문 옆 드레스룸(옷걸이) / 우 침실 드레스룸,확정(프로님 검토 v2),
OWNER'S SUITE (OS),-,1,챠임벨,1,좌측 하단 출입문 복도 쪽,미검토,
OWNER'S SUITE (OS),-,2,키센서 DM,1,출입문 안쪽,미검토,
OWNER'S SUITE (OS),-,3,BSP,1,마스터 침대 옆,미검토,
OWNER'S SUITE (OS),-,4,거실 스위치,2,거실 입구 옆 벽 / 회의·식당실 입구 옆 벽,미검토,
OWNER'S SUITE (OS),-,5,화장실 스위치,2,마스터 욕실 문 옆 / 파우더룸 문 옆,미검토,
OWNER'S SUITE (OS),-,6,드레스룸 스위치,1,거실·침실 사이 드레스룸,미검토,
PRESIDENTIAL SUITE (PS),-,1,챠임벨,1,중앙 ENTRY FOYER 출입문 복도 쪽,미검토,
PRESIDENTIAL SUITE (PS),-,2,키센서 DM,1,출입문 안쪽,미검토,
PRESIDENTIAL SUITE (PS),-,3,BSP,2,마스터 침대 옆 / 더블퀸 침대 옆,미검토,
PRESIDENTIAL SUITE (PS),-,4,거실 스위치,3,LIVING 입구 옆 벽 / DINING 입구 옆 벽 / LIBRARY 입구 옆 벽,미검토,
PRESIDENTIAL SUITE (PS),-,5,화장실 스위치,4,더블퀸 욕실 문 옆 / POWDER ROOM 문 옆 / TOILET 문 옆 / MASTER BATH 문 옆,미검토,
PRESIDENTIAL SUITE (PS),-,6,드레스룸 스위치,2,마스터 옷장(옷걸이) / 더블퀸 옷장,미검토,
HOSPITALITY SUITE-1 (HS-1),-,1,챠임벨,1,하단 FOYER 출입문 복도 쪽,미검토,
HOSPITALITY SUITE-1 (HS-1),-,2,키센서 DM,1,출입문 안쪽,미검토,
HOSPITALITY SUITE-1 (HS-1),-,4,회의실 스위치,1,회의실 입구 옆 벽 (온도+L+디밍+커튼),미검토,
HOSPITALITY SUITE-1 (HS-1),-,5,화장실 스위치,1,욕실 문 옆,미검토,
HOSPITALITY SUITE-1 (HS-1),-,6,드레스룸 스위치,1,BATHROOM FOYER 옷장,미검토,
HOSPITALITY SUITE-3 (HS-3),-,1,챠임벨,1,좌측 하단 FOYER 출입문 복도 쪽,미검토,
HOSPITALITY SUITE-3 (HS-3),-,2,키센서 DM,1,출입문 안쪽,미검토,
HOSPITALITY SUITE-3 (HS-3),-,4,회의실 스위치,1,회의실 입구 옆 벽,미검토,
HOSPITALITY SUITE-3 (HS-3),-,5,화장실 스위치,1,욕실 문 옆,미검토,
HOSPITALITY SUITE-5 (HS-5),-,1,챠임벨,1,좌측 하단 FOYER 출입문 복도 쪽,미검토,
HOSPITALITY SUITE-5 (HS-5),-,2,키센서 DM,1,출입문 안쪽,미검토,
HOSPITALITY SUITE-5 (HS-5),-,4,회의실 스위치,1,회의실 입구 옆 벽,미검토,
HOSPITALITY SUITE-5 (HS-5),-,4,거실 스위치,1,LIBRARY 입구 옆 벽,미검토,
HOSPITALITY SUITE-5 (HS-5),-,5,화장실 스위치,1,욕실 문 옆,미검토,
HANDICAP (DD-2) 3~12F 주거약자실,-,1,챠임벨,1,좌측 하단 출입문 복도 쪽,미검토,
HANDICAP (DD-2) 3~12F 주거약자실,-,2,키센서 DM,1,출입문 안쪽,미검토,
HANDICAP (DD-2) 3~12F 주거약자실,-,3,BSP,1,트윈 침대 사이,미검토,
HANDICAP (DD-2) 3~12F 주거약자실,-,4,드레스룸 스위치,1,현관 옷장(옷걸이),미검토,
HANDICAP (DD-2) 3~12F 주거약자실,-,5,화장실 스위치,1,욕실 문 옆,미검토,
HANDICAP (DD-2) 3~12F 주거약자실,-,6,비상호출,1,욕실 변기·욕조 옆,미검토,
KING & DD TYPE — 2실,상 = KING,1,챠임벨,1,우측 출입문 복도 쪽,미검토,
KING & DD TYPE — 2실,상 = KING,2,키센서 DM,1,출입문 안쪽,미검토,
KING & DD TYPE — 2실,상 = KING,3,BSP,1,침대 옆(침대 미도시),미검토,
KING & DD TYPE — 2실,상 = KING,4,드레스룸 스위치,1,현관 옷장(옷걸이),미검토,
KING & DD TYPE — 2실,상 = KING,5,화장실 스위치,1,욕실 문 옆,미검토,
KING & DD TYPE — 2실,하 = DD,1,챠임벨,1,우측 출입문 복도 쪽,미검토,
KING & DD TYPE — 2실,하 = DD,2,키센서 DM,1,출입문 안쪽,미검토,
KING & DD TYPE — 2실,하 = DD,3,BSP,1,침대 옆(침대 미도시),미검토,
KING & DD TYPE — 2실,하 = DD,4,드레스룸 스위치,1,현관 옷장(옷걸이),미검토,
KING & DD TYPE — 2실,하 = DD,5,화장실 스위치,1,욕실 문 옆,미검토,
