No,구분,타입,면적,적용 층,층당 실 수,층 수,실 수,등급,근거
1,스위트,PRESIDENTIAL SUITE (PS),252㎡,미확인,—,—,1,공개자료,나무위키·hyatt.com : 최고등급 1실
2,스위트,AMBASSADOR SUITE (AS) 룸1,108㎡ (룸1+룸2),12F,—,—,1,추정,hyatt.com : 12층 · 커넥팅 룸1(침실+거실)
3,스위트,AMBASSADOR SUITE (AS) 룸2,,12F,—,—,1,추정,커넥팅 룸2(침실) · 따로 판매 가능
4,스위트,MANAGER'S SUITE (GM),미확인,미확인,—,—,1,추정,단일 평면 1실
5,스위트,GOVERNOR SUITE (GS),미확인,미확인,—,—,1,추정,단일 평면 1실
6,스위트,OWNER'S SUITE (OS),미확인,미확인,—,—,1,추정,단일 평면 1실
7,스위트,HOSPITALITY SUITE-1 (HS-1),미확인,미확인,—,—,1,추정,회의실형 1실
8,스위트,HOSPITALITY SUITE-3 (HS-3),미확인,미확인,—,—,1,추정,회의실형 1실
9,스위트,HOSPITALITY SUITE-5 (HS-5),미확인,미확인,—,—,1,추정,HS-2·4 존재 여부 미확인
10,스위트,SUITE KING (K-3),72㎡ (그랜드 스위트 킹),3~12F,—,—,31,추정,스위트 40실(층당 4 × 10개 층) − 이름 붙은 스위트 9실 = 31실. 층마다 약 3실
11,특수,4~12F 타입 (코너형),54㎡? (패밀리),4~12F,1,9,9,추정,도면 표기 「4~12F」 · 층당 1실 가정 · 면적은 미확인
12,주거약자,HANDICAP (DD-2),미확인,3~12F,1,10,10,추정,도면 표기 「FLOORS 3-12」 · 층당 1실 가정
13,일반,KING,36㎡ (스탠다드),3~12F,—,—,229,추정,517 − 나머지 타입 합계를 KING·DD 반반
14,일반,DD (트윈),36㎡ (스탠다드),3~12F,—,—,229,추정,517 − 나머지 합계
,스위트 소계 (층당 4실 × 10개 층 = 40),,,,,,40,,
,특수·주거약자 소계,,,,,,19,,
,일반 객실 소계 (KING + DD),,,,,,458,,
,합계,,,,,,517,,
,확정 객실 수 (프로님 2026-10-07),,,,,,517,,
,대조 : 합계 − 517 (0이어야 함),,,,,,0,,
