번호,파일,장,장 제목,구분,지금 문구,여쭐 것,프로님 답
1,금1_납품레퍼런스.json,2,실적 개요,실무 사실 필요,"누적 1,000+ 프로젝트 / 객실관리 전담 인력 55명 / 업력 40년","1,000+ 프로젝트·전담 인력 55명은 2026년 현재 기준 맞는가? (맞음/수정값)",
2,금1_납품레퍼런스.json,3,주요 납품 실적 (1/2),실무 사실 필요,표 9개 호텔 (객실 수는 납품 당시 기준),이 장에 호텔별 납품 연도를 한 칸 넣을까? (넣음/안 넣음 — 넣으면 연도 목록 필요),
3,금1_납품레퍼런스.json,4,주요 납품 실적 (2/2),용어 확인,메리어트 인터내셔널 · 서울 · 376실,「메리어트 인터내셔널」은 회사명인데 정확한 호텔명은? (예: ○○ 메리어트 / 그대로),
4,금1_납품레퍼런스.json,5,마감 사례,실무 사실 필요,현장 사진 · 실물 샘플 : 요청 시 별도 준비,"실물 샘플 준비 가능한 계열은? (10,000 / 5,000 / 2,000 / 2,000S 중)",
5,금1_납품레퍼런스.json,6,요청 사항,실무 사실 필요,운영 현장 견학 희망 여부 확인 필요 (원래 desc 「운영 중인 현장 견학을 주선합니다」 삭제),운영 중인 현장 견학 주선 실제 가능한가? 가능하면 어느 호텔? (가능-호텔명/불가),
6,금2_경쟁사비교_루트론.json,1,외산 시스템 비교,실무 사실 필요,외산 칸 전체 (국내 5성급 일부 / 수입원 경유 / 해외 발주 대기 / 제조사 방식 고정 등),외산 칸 각 줄은 발주처가 확인 가능한 사실인가? 근거 없는 줄이 있으면 번호로 알려 주세요 (전부 사실/○번 뺌),
7,금2_경쟁사비교_루트론.json,1,외산 시스템 비교,실무 사실 필요,"Opera PMS 국내 최초 연동, 30년 축적",「국내 최초」 근거(연도·현장명)를 대외 자료에 적어도 되는가? (적음/빼기),
8,금2_경쟁사비교_루트론.json,1,외산 시스템 비교,뺀 문구,note : 타사 제품의 단가와 상세 사양은 이 자료에 넣지 않습니다. 필요하시면 발주처가 직접 받아 비교하시는 것이 정확합니다. 이 표는 당사 기준 사실만 적었습니다.,「당사 기준 사실만 기재」 안내를 대외 공정성용으로 한 줄 남길까? (남김/삭제 유지),
9,금3_CB외함_매입vs노출.json,2,검토 결론,실무 사실 필요,공기 · 비용 : 노출형 우세,매입형과 노출형의 실제 비용 차이 요인은? (커버 별도 제작분만/그 외 있음 — 한 줄로),
10,금3_CB외함_매입vs노출.json,2,검토 결론,용어 확인,"결정 시점 : 외함은 골조 · 마감 전 납품 필요, 착공 초기 확정 필요","표에는 노출형 설치 시점이 「벽체 마감 후」인데, 노출형도 착공 초기 확정이 필요한가? (필요/매입형만)",
11,금3_CB외함_매입vs노출.json,3,항목별 비교,실무 사실 필요,"매입형 유지보수 : 커버 개방 가능, 주변 마감 손상 우려",매입형 커버 열 때 주변 마감 손상 실제로 자주 나는가? (자주/드묾 — 드물면 줄 수정),
12,금3_CB외함_매입vs노출.json,4,외함 세트 구성,실무 사실 필요,C/B 외함 본체 W x H x D,이 장에 대표 외함 규격(W x H x D) 한 가지를 예로 넣을까? (넣음-규격값/안 넣음),
13,금3_CB외함_매입vs노출.json,5,공법별 설치 시점,실무 사실 필요,시점 : 놓치면 되돌릴 수 없음,옹벽 매립 시점을 놓친 현장에서 실제 대처는? (노출형 전환/코어 후 매입/기타),
14,금3_CB외함_매입vs노출.json,6,결정 전 확인 사항,실무 사실 필요,벽체 두께 : 외함 매입 깊이 수용 여부,매입형이 가능한 최소 벽체 두께는 몇 mm? (값),
15,금3_CB외함_매입vs노출.json,6,결정 전 확인 사항,용어 확인,"매입형은 커버를 나중에 별도 제작, 같은 현장이 발주 이력에 두 번 나옴 (정상)",「발주 이력 두 번」은 사내용 설명인데 대외 자료에 남길까? (남김/삭제),
16,금4_파트너공동제안_도어락.json,2,제안 순서,용어 확인,원래 목차 goto 「당사가 하는 것」 ↔ 장 제목 「어느 쪽을 고르셔도 당사가 하는 것」 불일치,목차·장 제목을 「당사 공통 업무」로 맞췄는데 괜찮은가? (예/다른 제목),
17,금4_파트너공동제안_도어락.json,3,통합 제안 배경,뺀 추론,한 창구로 묶으면 그 다툼이 없어집니다.,분리 발주로 책임 다툼이 실제로 난 현장 사례가 있나? (현장명·지연 기간 / 없음),
18,금4_파트너공동제안_도어락.json,4,통합 구성,실무 사실 필요,PMS ↔ 도어락 ↔ 객실관리,연동해 본 도어락 업체(브랜드) 이름을 이 장에 넣을까? (넣음-업체명/안 넣음),
19,금4_파트너공동제안_도어락.json,5,업무 분담,뺀 문구,note : 도어락 관련 단가(도어락·발행기·카드·설치비)는 별도 견적서로 제출합니다. 이 자료에는 금액을 넣지 않습니다.,도어락 단가 견적은 누가 내는가? (당사가 묶어서/도어락 업체 직접),
20,금4_파트너공동제안_도어락.json,6,일정,실무 사실 필요,각 단계 소요는 당사 표준값,도어락 설치 시점(기구물 전/후)을 일정 표에 넣을까? (넣음-시점/안 넣음),
21,금4_파트너공동제안_도어락.json,7,발주 방식 비교,실무 사실 필요,2안 · 분리 발주 : 하자 구분 계약서 명시 필요,통합 발주 시 도어락 하자도 당사가 1차 접수하는가? (예/아니오),
22,금4_파트너공동제안_도어락.json,8,당사 공통 업무,뺀 추론,발주처가 중간에서 조율하실 일이 없게 하겠습니다.,분리 발주 때 연동 협의 주관에 추가 비용이 있는가? (없음/있음),
23,금5_질의답변서_착공전협의.json,2,질의 · 답변 (1/2),실무 사실 필요,"CB 외함 납품 시점 : 옹벽 매립이면 골조 시, 스터드면 석고 전",노출형 선택 시 납품 시점(벽체 마감 후)도 답변에 넣을까? (넣음/안 넣음),
24,금5_질의답변서_착공전협의.json,2,질의 · 답변 (1/2),실무 사실 필요,"객실관리 서버 전원 : 방재실 2대(이중화), 상시전원 필수",서버 전원은 UPS(비상전원)까지 요구하는가? (UPS 필요/상시전원만),
25,금5_질의답변서_착공전협의.json,3,질의 · 답변 (2/2),실무 사실 필요,비상호출버튼 · 방문자 알림램프 법적 의무,근거 법령 이름을 답변에 적을까? (적음-법령명/안 적음),
26,금5_질의답변서_착공전협의.json,3,질의 · 답변 (2/2),실무 사실 필요,에어컨(EHP) 연동 : 인터페이스 모듈 내장 기종 필요,자주 쓰는 연동 확인 제조사(예: 삼성·LG)를 답변에 적을까? (적음-제조사/안 적음),
27,금5_질의답변서_착공전협의.json,4,회신 방법,실무 사실 필요,회신 기한 결정 필요 (확정본 준비 기준),보통 회신 기한을 며칠로 잡는가? (○일/현장별),
28,금5_질의답변서_착공전협의.json,5,요청 사항,실무 사실 필요,질의 · 답변서 회신 필요,회신을 받는 사람(시공사 공무/발주처 PM)을 요청 장에 적을까? (적음/안 적음),
29,목1_2000M_디자인카탈로그.json,2,디자인 기준,용어 확인,1~4구 자유 조합,카드의 「1~4구」는 프레임 모듈 수 표기인데 조명 스위치 「L」 규칙과 별개로 그대로 둘까요? (유지/수정),
30,목1_2000M_디자인카탈로그.json,3,시리즈별 특징,용어 확인,"5,000 시리즈 / 10,000 시리즈",계열 표기를 「5000 · 10000」 처럼 쉼표 없이 2000M 과 맞출까요? (맞춤/그대로),
31,목1_2000M_디자인카탈로그.json,3,시리즈별 특징,실무 사실 필요,"10,000 시리즈 : 최상위 마감. 5성급 적용 사례 다수","10,000 시리즈 대표 적용 호텔 이름을 1~2곳 넣을까요? (넣을 호텔명/안 넣음)",
32,목1_2000M_디자인카탈로그.json,3,시리즈별 특징,실무 사실 필요,800S 재질 : -,800S 키센서 계열의 재질은 무엇인가요? (재질명/비워 둠),
33,목1_2000M_디자인카탈로그.json,4,기구물별 기능,실무 사실 필요,샘플 제작 기간 필요,샘플 제작에 보통 몇 주 걸리나요? (예: 4주),
34,목1_2000M_디자인카탈로그.json,4,기구물별 기능,실무 사실 필요,전동커튼 적용 시 커튼 업체와 제어 방식 사전 협의 필요,전동커튼 연동 시 당사 기본 제어 방식은? (접점 / 통신 / 현장별),
35,목1_2000M_디자인카탈로그.json,5,요청 사항,뺀 문구,그에 맞춰 계열과 마감을 제안드리겠습니다. (desc 삭제),첫 요청 항목에 설명 줄이 없어도 될까요? (삭제 유지/복원),
36,목2_BSP_사양카드.json,1,BED SIDE PANEL 사양,실무 사실 필요,전원·충전 : AC220V 콘센트 · 유니버셜 콘센트 · USB A/C 충전,USB 충전 출력(W) 사양을 표에 넣을까요? (값/안 넣음),
37,목2_BSP_사양카드.json,1,BED SIDE PANEL 사양,뺀 문구,단가는 별도 견적서로 제출합니다.,문서 설명 문구라 note 에서 뺐는데 괜찮을까요? (삭제 유지/복원),
38,목3_챠임벨_키센서_디자인.json,1,입구 INDICATOR(챠임벨) · KEY SENSOR,실무 사실 필요,설치 위치 : 문 입구 복도 / 객실 안쪽 문 입구,챠임벨 · 키센서 설치 높이 기준(바닥에서 mm)을 넣을까요? (값/안 넣음),
39,목3_챠임벨_키센서_디자인.json,1,입구 INDICATOR(챠임벨) · KEY SENSOR,뺀 문구,단가는 별도 견적서로 제출합니다.,문서 설명 문구라 note 에서 뺐는데 괜찮을까요? (삭제 유지/복원),
40,목4_타사배선기구_결합구분표.json,1,타사 배선기구 공급 · 설치 구분,뺀 추론,경계가 흐려지지 않도록 연동 시험에 타사 입회를 권합니다.,이유 설명 없이 「연동 시험 타사 입회 권장」 만 남겨도 될까요? (유지/복원),
41,목4_타사배선기구_결합구분표.json,1,타사 배선기구 공급 · 설치 구분,실무 사실 필요,타사 기구 매입 박스 : 규격 사전 확인 필요,ABB 등 타사 기구 결합 때 자주 나는 문제는? (예: 매입 깊이 부족 / 없음),
42,목5_에어컨EHP_연동설명.json,1,에어컨(EHP) 연동 구성,실무 사실 필요,EHP 실내기 : 천장 매입 · 인터페이스 모듈,인터페이스 모듈 공급 주체는? (EHP 업체 / 당사),
43,목5_에어컨EHP_연동설명.json,2,필수 조건,실무 사실 필요,실내기에 인터페이스 모듈이 있는 기종인지 확인,연동 확인된 EHP 제조사를 적을까요? (제조사명/안 넣음),
44,목6_바닥난방_연동설명.json,1,바닥난방 연동 구성,실무 사실 필요,구동기 설치 · 배관 접속 : 설비공사,220V 구동기 공급 주체는? (설비 / 당사),
45,목6_바닥난방_연동설명.json,2,필수 조건,실무 사실 필요,공실 = 동파방지 최저온도,동파방지 최저온도 설정값(℃)을 넣을까요? (값/안 넣음),
46,수1_FIP_사용매뉴얼.json,3,FIP 개요,실무 사실 필요,린넨실이 없는 층은 설치 위치 별도 확정 필요,린넨실 없는 층에 FIP를 보통 어디에 두나? (복도 · EPS · 기타),
47,수1_FIP_사용매뉴얼.json,4,객실 상태,용어 확인,목차 설명 「객실 상태 4가지와 색」 → 「표시별 뜻과 조치」로 바꿈,"표에는 8가지 상태가 있음. FIP 화면에 상태별 색 구분이 있나? (있음/없음, 있으면 색)",
48,수1_FIP_사용매뉴얼.json,4,객실 상태,실무 사실 필요,청소완료 → 점검 후 판매가능으로,청소완료 후 점검은 누가 하나? (메이드 요원 / 인스펙터 요원 / 프론트),
49,수1_FIP_사용매뉴얼.json,4,객실 상태,실무 사실 필요,외출 : 청소 가능 (프론트 확인 후),외출 객실 청소를 현장에서 실제로 하나? (함 / 안 함),
50,수1_FIP_사용매뉴얼.json,5,하루 운영 순서,실무 사실 필요,출근 후 FIP 확인 (1분),「1분」은 실제 기준인가? (유지 / 삭제),
51,수1_FIP_사용매뉴얼.json,6,문제 해결,실무 사실 필요,A/S 접수 (6시간 이내 현장 도착),6시간 이내 도착은 전 지역 적용인가? (전 지역 / 본사·부산·제주 권역만),
52,수1_FIP_사용매뉴얼.json,6,문제 해결,실무 사실 필요,(원본 대처 5가지),FIP 현장 A/S에서 가장 자주 나는 원인은? (넣을 한 줄),
53,수2_방재실_운영PC매뉴얼.json,3,화면 구성,실무 사실 필요,(개념도 상자 글자 그대로 둠),개념도 4구역(객실 현황·알람·통신·환경설정)이 실제 운영 PC 화면과 맞나? (맞음 / 다름),
54,수2_방재실_운영PC매뉴얼.json,4,일일 운영,실무 사실 필요,주 1회 : 통신 오류 반복 객실 목록으로 A/S 접수,운영 PC에서 통신 오류 반복 객실 목록을 뽑는 기능이 실제로 있나? (있음/없음),
55,수2_방재실_운영PC매뉴얼.json,5,알람 대처,실무 사실 필요,서버 이중화 해제 : 서버 2대 중 1대 멈춤,서버 이중화(2대)는 모든 현장 기본인가? (기본 / 옵션),
56,수2_방재실_운영PC매뉴얼.json,5,알람 대처,실무 사실 필요,(알람 6종),현장에서 가장 자주 뜨는 알람과 실제 원인은? (넣을 한 줄),
57,수2_방재실_운영PC매뉴얼.json,6,온도 설정,실무 사실 필요,네 값 모두 호텔 결정,호텔이 값을 안 정하면 당사 기본 설정값이 있나? (있음 / 없음),
58,수3_객실넘버링_운영계획.json,2,번호 우선 확정,실무 사실 필요,이후 변경은 현장 재작업,시운전 뒤 번호가 바뀌어 재작업한 사례 · 비용이 있나? (넣을 한 줄),
59,수3_객실넘버링_운영계획.json,3,확정 항목,뺀 추론,(note 삭제) 이 표가 채워지면 그대로 도어락·PMS·객실관리 세 곳에 같은 값으로 넣습니다.,표 설명 각주라 삭제함. 「세 곳 같은 값 입력」 문구를 표 아래에 남길까? (남김 / 삭제),
60,수3_객실넘버링_운영계획.json,3,확정 항목,실무 사실 필요,기피 번호 : 4·44 제외 여부,실제 현장에서 4·44 외에 빼는 번호가 있나? (예: 13),
61,수3_객실넘버링_운영계획.json,4,진행 순서,뺀 추론,업체마다 각자 엑셀을 만들면 반드시 어긋납니다.,업체별 목록이 어긋나 문제 된 실제 현장이 있나? (있으면 현장명),
62,수3_객실넘버링_운영계획.json,5,요청 사항,실무 사실 필요,(desc 삭제) 호실 목록 초안 회신 · 번호 매김 · 동시 배포 약속,요청 항목 아래 설명 줄 없이 가도 되나? (가능 / 설명 필요),
63,수4_준공인계_매뉴얼.json,3,시운전 완료 확인,실무 사실 필요,"시운전 조건 : 벽지·페인트 마감, 전원 공급 완료 후",시운전이 늦어지는 가장 흔한 이유는? (넣을 한 줄),
64,수4_준공인계_매뉴얼.json,4,인계 목록,실무 사실 필요,예비 자재 수량 : 객실 수 기준,예비 자재 기준은 객실 몇 실당 몇 세트인가? (예: 100실당 1세트),
65,수4_준공인계_매뉴얼.json,5,운영자 교육,용어 확인,교육 대상 「하우스키핑」 → 「메이드」,인스펙터 요원도 교육 대상에 넣나? (넣음 / 안 넣음),
66,수4_준공인계_매뉴얼.json,6,인계 후 관리,뺀 추론,성수기 객실 판매를 지키는 쪽이 유리합니다.,정기점검 + 예비품 보유가 유리했던 실제 사례가 있나? (넣을 한 줄),
67,수4_준공인계_매뉴얼.json,6,인계 후 관리,실무 사실 필요,보증 만료 30일 전 사전 안내,보증 만료 30일 전 안내를 실제로 하고 있나? (유지 / 삭제),
68,수4_준공인계_매뉴얼.json,6,인계 후 관리,실무 사실 필요,준공 후 6개월 시점 1회 점검,준공 후 6개월 점검을 실제로 나가나? (유지 / 삭제),
69,수4_준공인계_매뉴얼.json,7,요청 사항,실무 사실 필요,(lead 삭제) 인계 일정만 주시면 나머지는 저희가 준비합니다,요청 장 안내 문구 없이 가도 되나? (가능 / 필요),
70,월1_4-5성급_운영시나리오.json,2,시스템 기능,실무 사실 필요,(배너) 이 문서는 시스템 동작을 설명하는 자료입니다. 수량·금액은 별도 견적서로 제출합니다. → 수량·금액 : 별도 견적서 제출,"배너 자리는 문서 설명 대신 현장 사실로 바꿀까, 아니면 배너를 비울까? (바꿀 문구/비움)",
71,월1_4-5성급_운영시나리오.json,3,고객 동선별 시스템 동작,실무 사실 필요,체크인 : 냉·난방 강제 동작 (입실 전 예열/예냉),체크인 강제 동작 유지 시간 기본값은? (분),
72,월1_4-5성급_운영시나리오.json,4,시스템 구성 · 공사 구분,실무 사실 필요,객실관리 서버 x2 · 방재실 · 이중화,서버 2대 이중화는 전 현장 표준인가? (표준/현장별),
73,월1_4-5성급_운영시나리오.json,7,요청 사항,실무 사실 필요,(뺀 desc) 타입별 기구물 위치와 수량을 표시해 회신드립니다. / 연동 규격 협의 일정을 잡겠습니다.,평면도 받은 뒤 기구물 위치·수량 회신까지 통상 며칠? (일) — 넣을지 여부 포함,
74,월2_리조트콘도_운영시나리오.json,2,호텔과의 차이,실무 사실 필요,카드 제거 후 외출온도 유지 시간 : 호텔보다 길게 설정,리조트 외출온도 유지 시간 기본값은? (호텔 ○분 / 리조트 ○분),
75,월2_리조트콘도_운영시나리오.json,2,호텔과의 차이,실무 사실 필요,(배너) 이 문서는 시스템 동작 설명 자료입니다. 수량·금액은 별도 견적서로 제출합니다. → 수량·금액 : 별도 견적서 제출,"배너를 현장 사실로 바꿀까, 비울까? (바꿀 문구/비움)",
76,월2_리조트콘도_운영시나리오.json,3,이용 동선별 시스템 동작,실무 사실 필요,외출온도·공실온도·동파방지 최저온도 : 운영 PC 환경설정,동파방지 최저온도 권장 기본값이 있는가? (○℃/현장별),
77,월2_리조트콘도_운영시나리오.json,5,리조트 제품 구성,실무 사실 필요,취사시설 있는 콘도형 : 전열 차단 범위 별도 협의 필요,콘도형 취사시설(인덕션 등)은 카드 제거 시 통상 차단하는가? (차단/상시),
78,월2_리조트콘도_운영시나리오.json,6,운영 방식 비교,실무 사실 필요,비수기 동파 사고 : 사후 발견,객실관리 없는 리조트에서 비수기 동파 사고 실제 사례를 넣을까? (현장명/넣지 않음),
79,월3_기숙사연수원_운영시나리오.json,2,호텔과의 차이,실무 사실 필요,(배너) 이 문서는 시스템 동작 설명 자료입니다. 수량·금액은 별도 견적서로 제출합니다. → 수량·금액 : 별도 견적서 제출,"배너를 현장 사실로 바꿀까, 비울까? (바꿀 문구/비움)",
80,월3_기숙사연수원_운영시나리오.json,3,입소~퇴소 시스템 동작,실무 사실 필요,기수 단위 운영(연수원 등) : 기수 교체일 일괄 초기화 필요 (뺀 문구 : 운영 방식을 알려 주시면 그에 맞춰 설정합니다.),층·동 단위 일괄 초기화는 운영 PC 표준 기능인가? (표준/개발 필요),
81,월3_기숙사연수원_운영시나리오.json,4,시스템 구성 · 공사 구분,실무 사실 필요,FIP · DTC 각층 린넨실,기숙사에 DTC를 넣는 기준은? (호실 수 ○실 이상/현장별),
82,월3_기숙사연수원_운영시나리오.json,5,기숙사 제품 구성,실무 사실 필요,입구 INDICATOR (챠임벨) : 현장 방침에 따라 적용,기숙사 챠임벨 기본값은? (적용/미적용),
83,월3_기숙사연수원_운영시나리오.json,6,운영 방식 비교,실무 사실 필요,비상호출 : 관리실 즉시 전달,관리실 수신 장치는 운영 PC인가 별도 표시반인가? (운영 PC/표시반),
84,월4_PMS연동_운영시나리오.json,3,시스템 구성 · PMS~객실,실무 사실 필요,PMS 측 규격 제공 · 연동 시험 (PMS 업체),PMS 연동 규격 협의부터 연동 시험까지 통상 기간은? (주),
85,월4_PMS연동_운영시나리오.json,4,PMS 연동 전 확정 사항,실무 사실 필요,PMS 업체 미선정 시 연동 규격 확정 불가 → 연동 프로그램 일정 지연,PMS 업체가 늦게 정해져 일정이 밀린 실제 사례를 넣을까? (현장명/넣지 않음),
86,월4_PMS연동_운영시나리오.json,5,요청 사항,실무 사실 필요,(뺀 desc) 규격 확정 즉시 연동 프로그램 개발 일정을 제출하겠습니다. / (뺀 lead) 연동 규격만 확정되면 나머지는 당사가 진행합니다,연동 프로그램 개발 기간 기준은? (규격 확정 후 ○주),
87,월5_공사한계_업무스코프.json,4,타 공종 요청 조건,뺀 추론,"아래 조건이 지켜지지 않으면 시운전 단계에서 문제가 드러나고, 그때는 되돌리기 어렵습니다. → 시운전 전 확인 필요 조건",시운전 단계에서 발견돼 되돌리기 어려웠던 실제 사례가 있나? (있음-현장명/없음),
88,월5_공사한계_업무스코프.json,4,타 공종 요청 조건,실무 사실 필요,"마감 전 기구물 설치 : 도장·도배 오염, 재시공 발생",재시공 비용은 누가 부담했나? (당사/시공사/인테리어),
89,월5_공사한계_업무스코프.json,3,공종별 담당 구분,실무 사실 필요,시운전 · 인계교육 : 전기 · 통신 입회,시운전 때 전기·통신 입회는 실제로 필수인가? (필수/선택),
90,월5_공사한계_업무스코프.json,3,공종별 담당 구분,용어 확인,(뺀 note 둘째 문장) 별도 설명 자료로 제출합니다.,에어컨·바닥난방·도어락 연동 설명 자료를 이 자료에 붙여 낼까? (붙임/따로),
91,00_종합_5성급_객실관리제안서.json,16,주거약자실 기구물 위치,실무 사실 필요,② K (+DM) → K + DM / ④ 온도 + L (낮춤) → BSP (낮춤),5성급 주거약자실 침대 옆도 BSP 로 맞나? (BSP / 온도조절기 + L),
92,00_종합_5성급_객실관리제안서.json,31,인계 후 관리,실무 사실 필요,고장 접수 후 6시간 이내 현장 도착 / 보증 만료 30일 전 사전 안내 / 준공 후 6개월 시점 1회 점검,제출본에 약속으로 그대로 넣어도 되나? (그대로 / 뺌 / 수정값),
93,00_종합_5성급_객실관리제안서.json,3~5,실적 개요 · 주요 납품 실적,실무 사실 필요,"5성급 52개 호텔 19,467실 · 1,000+ 프로젝트 · 전담 인력 55명",제출 전 최신 수치 맞나? (맞음 / 수정값),
94,00_종합_5성급_객실관리제안서.json,8,고객 동선별 시스템 동작,구성 확인,PMS 연동 표(월4)를 씀,PMS 연동이 없는 현장은 연동 칸 없는 표(월1)로 바꿀까? (바꿈 / 그대로),
95,00_종합_5성급_객실관리제안서.json,전체,-,구성 확인,32장 · 7묶음 (실적 · 개요 · 객실 구성 · 제품 · 연동 · 운영 · 공사/인계),회사 원본 pptx(회사 소개 등)를 앞에 붙일까? 붙이면 PC 1번 메뉴에서 원본 번호만 고르면 됨,
96,화1_1-3성급_객실배치.json,2,1~3성급 구성,실무 사실 필요,"카드 한 장으로 전원·냉난방 제어까지 객실관리 범위, 그 밖은 전기공사 범위로 공사비 절감.",1~3성급 구성이 4~5성급 대비 객실당 공사비가 얼마나 줄어드는지 이 장에 넣을까? (넣음+대략 차이 / 안 넣음),
97,화1_1-3성급_객실배치.json,3,위치별 기구물,실무 사실 필요,(책상 줄 없음) — 화5 범례에는 1~3성급 책상 = 멀티아울렛 (책상이 있을 때),1~3성급 표에도 책상 멀티아울렛 줄을 넣어야 하나? (넣음/안 넣음),
98,화1_1-3성급_객실배치.json,3,위치별 기구물,실무 사실 필요,베란다 : 침대 스위치에서 제어 / 별도 스위치 없음,1~3성급 베란다는 문 옆 L 없이 침대 스위치 제어가 맞나? (맞음/문 옆 L 별도),
99,화2_4-5성급_객실배치.json,2,4~5성급 구성,실무 사실 필요,문 입구 K + DM (리조트 언급 없음),4~5성급이라도 리조트면 DM 제외 문구를 이 장·표에 넣을까? (넣음/안 넣음),
100,화2_4-5성급_객실배치.json,4,마감·디자인,용어 확인,"프레임 1~4구 조합, 호텔별 요청사항 맞춤 제작",「1~4구」는 프레임 크기 표기라 그대로 둬도 되나? 조명 스위치는 L 로만 쓰는 규칙과 충돌 없나? (유지/삭제),
101,화2_4-5성급_객실배치.json,4,마감·디자인,실무 사실 필요,마감 재질·색상 : 인테리어 도면 확정 후 샘플 승인 (원문 「~승인받는 것이 안전합니다」),샘플 승인~제작까지 보통 몇 주 걸리는지 넣을까? (주 수 / 안 넣음),
102,화3_스위트거실형_객실배치.json,2,스위트 구성,뺀 추론,책상 멀티아울렛 설명 「업무 이용이 많은 객실.」,스위트 책상 설명에 「업무 이용이 많은 객실」 문구가 필요한가? (필요/삭제 유지),
103,화3_스위트거실형_객실배치.json,2,스위트 구성,실무 사실 필요,"침대마다 BSP / 침실이 둘이면 둘 (표 : 침대당 1, 비교 : 침실마다 BSP)",스위트 BSP 수량 기준은 침대당인가 침실당인가? (침대당/침실당),
104,화3_스위트거실형_객실배치.json,4,일반 객실 비교,실무 사실 필요,기구물 5~7개 / 기구물 10개 이상도 있음,"일반 객실 5~7개, 스위트 10개 이상 숫자가 실제 현장 기준과 맞나? (맞음/고칠 값)",
105,화4_주거약자실_객실배치.json,2,일반실과 차이,뺀 추론,빠지면 준공 검사에서 걸립니다.,비상호출·방문자 알림램프 누락 시 준공 검사 지적 대상이라고 적어도 되나? (예/아니오),
106,화4_주거약자실_객실배치.json,2,일반실과 차이,용어 확인,문서 표기는 「주거약자실」로 통일합니다. 「장애인실」은 쓰지 않습니다. → 표기 : 「주거약자실」로 통일,이 용어 안내 띠를 대외 문서에 남길까? (남김/삭제),
107,화4_주거약자실_객실배치.json,3,주거약자실 기구물,실무 사실 필요,조작부 높이 낮춤 (값 없음),주거약자실 조작부 설치높이 기준값(mm)을 표에 넣을까? (값/현장별로 둠),
108,화4_주거약자실_객실배치.json,3,주거약자실 기구물,실무 사실 필요,관리실 : 호출 수신 표시 / 비상호출과 연동,관리실 호출 수신은 어떤 기기로 표시하나? (FIP/운영 PC/별도 수신반),
109,화4_주거약자실_객실배치.json,4,누락 주의,실무 사실 필요,주거약자실은 수량이 적어 설계·시공에서 누락 주의,실제로 주거약자실 비상호출이 빠져 뒤늦게 추가한 현장 사례가 있나? (있음+현장명/없음),
110,화5_평면_기구물마킹.json,2,4~5성급 기구물 위치,용어 확인,eyebrow 「개념도 (실제 치수 아님)」 → 「개념도」 (치수 안내는 6장 note 로 옮김),개념도 장마다 「실제 치수 아님」을 다시 보여야 하나? (필요/6장 note 로 충분),
111,화5_평면_기구물마킹.json,6,기호 · 성급별 차이,실무 사실 필요,② KEY SENSOR (+ DM) : 4~5성급 K + DM / 1~3성급 K 만 (리조트도 DM 제외),4~5성급 칸에도 「리조트 DM 제외」를 표시해야 하나? (표시/지금대로),
